BLOOMINGVILLE,BLOOMINGVILLE MINI,CREATIVE COLLECTION
https://www.bloomingville.com/en/products/home-accessories/varekort/bari-cosmetic-bag-blue-cotton,https://www.bloomingville.com/en/products/home-accessories/varekort/charlie-shopping-bag-nature-cotton,https://www.bloomingville.com/en/products/home-accessories/varekort/joshua-tote-bag-green-cotton
https://www.bloomingville.com/en/products/home-accessories/varekort/bergamo-shopping-bag-blue-jute,https://www.bloomingville.com/en/products/home-accessories/varekort/mushroom-bag-white-polyester,
https://www.bloomingville.com/en/products/home-accessories/varekort/bergamo-shopping-bag-pink-jute,https://www.bloomingville.com/en/products/childrens-room/varekort/totte-bag-orange-linen,
https://www.bloomingville.com/en/products/home-accessories/varekort/sofina-cosmetic-bag-blue-cotton,,
https://www.bloomingville.com/en/products/home-accessories/varekort/stefania-cosmetic-bag-yellow-cotton,,
https://www.bloomingville.com/en/products/home-accessories/varekort/trina-shopping-bag-blue-cotton,,
https://www.bloomingville.com/en/products/home-accessories/varekort/trina-shopping-bag-green-cotton,,
https://www.bloomingville.com/en/products/home-accessories/varekort/bergamo-shopping-bag-black-jute,,
https://www.bloomingville.com/en/products/home-accessories/varekort/bergamo-shopping-bag-brown-jute,,
https://www.bloomingville.com/en/products/home-accessories/varekort/bergamo-shopping-bag-green-jute,,
https://www.bloomingville.com/en/products/home-accessories/varekort/bergamo-shopping-bag-yellow-jute,,
https://www.bloomingville.com/en/products/home-accessories/varekort/poirino-cosmetic-bag-pink-cotton,,
https://www.bloomingville.com/en/products/home-accessories/varekort/simona-shopping-bag-nature-jute,,
