EAN,PurchasePriceExclVAT,RecommendedPriceInclVAT,BrandName,Sell Price
5712195085933,"49,20","129,95",No Product Found,
5712195085919,"79,97","229,95","Kitchentime, Lightshop, Nordic Nest","229, 229, 229.95"
5712195085896,"49,20","129,95","Kitchentime, Lightshop, Nordic Nest","129, 129, 129.95"
5712195085872,"24,58","69,95",No Product Found,
5712195085797,"123,05","329,95",Coolshop,299
5712195085759,"123,05","329,95",Coolshop,299
5712195085834,"369,20","959,95",No Product Found,
5712195085995,"92,28","249,95",No Product Found,
5712195084639,"92,28","249,95",No Product Found,
5712195084592,"92,28","249,95",No Product Found,
5712195084554,"92,28","249,95",No Product Found,
5712195084738,"246,12","649,95",No Product Found,
5712195085575,"18,43","49,95",No Product Found,
5712195084530,"104,58","279,95",No Product Found,
5712195084516,"79,97","199,95",No Product Found,
5712195080617,"246,00","747,00","Bagaren och Kocken, Coolshop, Lampemesteren","735, 737, 747"
5712195080570,"319,00","892,00","Bagaren och Kocken, Coolshop, Lampemesteren","622, 702, 735"
5712195082796,"73,82","199,95",No Product Found,
5712195082758,"73,82","199,95",No Product Found,
5712195082734,"86,12","249,95",No Product Found,
5712195082697,"86,12","249,95",No Product Found,
5712195082659,"86,12","249,95",No Product Found,
5712195082611,"246,12","649,95",No Product Found,
5712195082574,"246,12","649,95",No Product Found,
5712195083557,"92,28","249,95",No Product Found,
5712195084233,"123,05","329,95",No Product Found,
5712195083953,"492,28","1299,95",No Product Found,
5712195083892,"430,74","1099,95","Kitchentime, Nordic Nest","747, 1099.95"
5712195083878,"86,12","249,95",No Product Found,
5712195083854,"86,12","249,95",No Product Found,
5712195083830,"86,12","249,95",No Product Found,
5712195081959,"61,51","159,95",No Product Found,
5712195075309,"215,35","559,95",No Product Found,
5712195079963,"307,66","799,95",No Product Found,
5712195081379,"246,12","649,95",No Product Found,
5712195076306,"861,51","2299,95",No Product Found,
5712195076283,"246,12","649,95",No Product Found,
5712195076801,"735,75","1699,95",No Product Found,
5712195079567,"91,69","249,95",No Product Found,
5712195078706,"24,58","69,95","Kitchentime, Nordic Nest","44, 44"
5712195078669,"24,58","69,95",No Product Found,
5712195076269,"246,12","649,95",No Product Found,
5712195076122,"141,51","379,95",No Product Found,
5712195077907,"61,51","165,95","Coolshop, Kids-World","138.95, 179"
