a,b,c,d,e,f
Room Scent,Scented candles,Blue,Fresh Sea Salt,Glass,
Room Scent,Scented candles,Brown,Terra Tabac,Metal,
Room Scent,Scent diffusers,Rose,Coconut Milk Mango,,
Room Scent,Scented candles,White,Winter White,Cardboard,
Room Scent,Scented candles,Brown,Terra Tabac,Metal,
Room Scent,Scented candles,Brown,Woodfire,Metal,
Room Scent,Scent diffusers,Green,Hinoki Sage,,
Room Scent,Scented candles,Brown,Woodfire,Glass,
Room Scent,Scent diffusers,White,Winter White,,
Room Scent,Scented candles,White,Driftwood,Metal,
Room Scent,Scented candles,White,Winter White,Metal,
Room Scent,Scented candles,White,Fresh Sea Salt,Cardboard,
Room Scent,Scented candles,Brown,Terra Tabac,Glass,
Room Scent,Scented candles,White,Winter White,Metal,
Room Scent,Scented candles,White,Balsam & Cedar,Cardboard,
Room Scent,Scent diffusers,Brown,Terra Tabac,,
Room Scent,Scented candles,Blue,North Sky,Metal,
Room Scent,Scented candles,Blue,North Sky,Metal,
Room Scent,Scented candles,Brown,Terra Tabac,Glass,
Room Scent,Scented candles,White,Winter White,Glass,
Room Scent,Scented candles,Blue,Citrus Crush,Glass,
Room Scent,Scented candles,Brown,Woodfire,Glass,
Room Scent,Scented candles,Blue,Hidden Lake,Metal,
Room Scent,Scented candles,Green,Balsam & Cedar,Glass,
Room Scent,Scented candles,Green,Hinoki Sage,Metal,
Room Scent,Scented candles,White,Woodfire,Cardboard,
Room Scent,Scented candles,Rose,Coconut Milk Mango,Glass,
Room Scent,Scented candles,Blue,North Sky,Glass,
Room Scent,Scented candles,Green,Balsam & Cedar,Glass,
Room Scent,Scented candles,Green,Balsam & Cedar,Glass,
Room Scent,Scented candles,Blue,Fresh Sea Salt,Metal,
Room Scent,Scent diffusers,Blue,Citrus Crush,,
Room Scent,Scented candles,Blue,Hidden Lake,Glass,
Room Scent,Scented candles,Blue,Hidden Lake,Glass,
Room Scent,Scent diffusers,Rose,Coconut Milk Mango,,
Room Scent,Scent diffusers,Green,Hinoki Sage,,
Room Scent,Scent diffusers,Blue,Hidden Lake,,
Room Scent,Scented candles,Rose,Coconut Milk Mango,Glass,
Room Scent,Scented candles,Blue,Citrus Crush,Metal,
Room Scent,Scented candles,White,Citrus Crush,Cardboard,
Room Scent,Scent diffusers,Blue,Hidden Lake,,
Room Scent,Scented candles,Green,Hinoki Sage,Metal,
Room Scent,Scented candles,Blue,Citrus Crush,Metal,
Room Scent,Scented candles,Green,Hinoki Sage,Glass,
Room Scent,Scented candles,White,Winter White,Glass,
Room Scent,Scented candles,White,Hinoki Sage,Cardboard,
Room Scent,Scented candles,Green,Balsam & Cedar,Glass,
Room Scent,Scented candles,White,Driftwood,Metal,
Room Scent,Scented candles,Blue,Citrus Crush,Glass,
Room Scent,Scented candles,White,Driftwood,Glass,
Room Scent,Scented candles,Green,Balsam & Cedar,Metal,
Room Scent,Scent diffusers,Brown,Woodfire,,
Room Scent,Scent diffusers,White,Driftwood,,
Room Scent,Scent diffusers,Blue,Citrus Crush,,
Room Scent,Scented candles,White,Terra Tabac,Cardboard,
Room Scent,Scented candles,Brown,Woodfire,Metal,
Room Scent,Scent diffusers,Green,Balsam & Cedar,,
Room Scent,Scented candles,Green,Hinoki Sage,Glass,
Room Scent,Scented candles,White,Coconut Milk Mango,Cardboard,
Room Scent,Scented candles,Rose,Coconut Milk Mango,Metal,
Room Scent,Scented candles,Blue,Fresh Sea Salt,Metal,
Room Scent,Scented candles,Blue,Hidden Lake,Metal,
Room Scent,Scented candles,Rose,Coconut Milk Mango,Glass,
Room Scent,Scented candles,Rose,Coconut Milk Mango,Metal,
Room Scent,Scented candles,Blue,Fresh Sea Salt,Glass,
Room Scent,Scented candles,White,Hidden Lake,Cardboard,
Room Scent,Scented candles,Green,Balsam & Cedar,Metal,
Room Scent,Scented candles,Blue,Hidden Lake,Glass,
Room Scent,Scented candles,Blue,North Sky,Glass,
Room Scent,Scented candles,White,Winter White,Glass,
Room Scent,Scent diffusers,Brown,Terra Tabac,,
Room Scent,Scented candles,White,Winter White,Glass,
Room Scent,Scented candles,Blue,Fresh Sea Salt,Glass,
Room Scent,Scented candles,Brown,Woodfire,Glass,
Tableware,Plates,Porcelain,Blue,,
Home accessories,Decoration,Terracotta,Black,,
Home accessories,Throws,Recycled Cotton,Brown,,
Home accessories,Flowerpots,Stoneware,Brown,,
Kitchen,Serving,Stoneware,Green,,
Home accessories,Candle holders,Glass,Gold,,
Home accessories,Wall decoration,Firwood,Nature,,
Home accessories,Vases,Glass,Yellow,,
Tableware,Bowls,Stoneware,Nature,,
Kitchen,Jugs,Stoneware,Brown,,
Kitchen,Bar accessories,Glass,Green,,
Home accessories,Vases,Glass,Clear,,
Home accessories,Candle holders,Glass,Nature,,
Home accessories,Wall decoration,Firwood,Nature,,
Home accessories,Throws,Recycled Cotton,Nature,,
Furniture,Dining chairs,Rubberwood,Brown,,
Home accessories,Wall decoration,Firwood,Nature,,
Furniture,Coffee tables,Mango,Nature,,
Home accessories,Home office,Stainless Steel,Brass,,
Home accessories,Vases,Stoneware,Black,,
Kitchen,Jugs,Glass,Clear,,
Kitchen,Bowls,Mango,Brown,,
Furniture,Cupboards,Mango,Nature,,
Kitchen,Jugs,Stoneware,Red,,
Home accessories,Decoration,Terracotta,Orange,,
Furniture,Beds,Reclaimed Wood,Brown,,
Tableware,Plates,Stoneware,Yellow,,
Tableware,Plates,Stoneware,Red,,
Kitchen,Serving,Stoneware,Green,,
Kitchen,Serving,Stoneware,Black,,
Kitchen,Bowls,Mango,Brown,,
Home accessories,Vases,Stoneware,Blue,,
Lighting,Lampshades,Stoneware,Grey,,
Tableware,Cups,Stoneware,Blue,,
Home accessories,Flowerpots,Stoneware,Nature,,
Tableware,Cups,Stoneware,Blue,,
Furniture,Dining chairs,Rubberwood,Blue,,
Home accessories,Baskets,Bankuan Grass,Brown,,
Tableware,Cups,Stoneware,White,,
Tableware,Bowls,Stoneware,Orange,,
Home accessories,Vases,Stoneware,Green,,
Furniture,Cupboards,Firwood,Green,,
Furniture,Console tables,Reclaimed Pine Wood,Nature,,
Tableware,Bowls,Stoneware,Rose,,
Kitchen,Cooking & Baking,Stoneware,Brown,,
Furniture,Console tables,FSC 100%© Mango,Brown,,
Tableware,Cups,Stoneware,Orange,,
Home accessories,Candle holders,Glass,Yellow,,
Home accessories,Candle holders,Stoneware,Blue,,
Tableware,Glassware,Recycled Glass,Yellow,,
Kitchen,Cleaning,Cotton,Grey,,
Home accessories,Decoration,Aluminum,Brass,,
Home accessories,Vases,Stoneware,Green,,
Tableware,Cups,Stoneware,Green,,
Kitchen,Jugs,Stoneware,Blue,,
Home accessories,Cushions,Cotton,Brown,,
Home accessories,Storage,Metal,Grey,,
Furniture,Coat racks & Hooks,Aluminum,Gold,,
Lighting,Floor lamps,Rattan,Nature,,
Tableware,Cups,Stoneware,Grey,,
Tableware,Glassware,Glass,Yellow,,
Home accessories,Flowerpots,Stoneware,Blue,,
Furniture,Console tables,Reclaimed Pine Wood,Nature,,
Home accessories,Wall decoration,Firwood,Nature,,
Kitchen,Bowls,Stoneware,Green,,
Tableware,Cups,Stoneware,Green,,
Furniture,Daybeds,Teak,Green,,
Home accessories,Decoration,Paper Mache,Black,,
Home accessories,Vases,Ceramic,Blue,,
Home accessories,Baskets,Rattan,Nature,,
Furniture,Coffee tables,Reclaimed Wood,Brown,,
Home accessories,Throws,Recycled Cotton,Green,,
Home accessories,Bowls,Stoneware,Brown,,
Home accessories,Flowerpots,Stoneware,Blue,,
Home accessories,Throws,Cotton,Blue,,
Home accessories,Cushions,Cotton,Blue,,
Home accessories,Cushions,Cotton,Nature,,
Tableware,Bowls,Stoneware,Blue,,
Tableware,Cups,Stoneware,Yellow,,
Tableware,Plates,Stoneware,Green,,
Home accessories,Vases,Stoneware,Brown,,
Tableware,Cups,Stoneware,Blue,,
Tableware,Cutlery,Stainless Steel,Silver,,
Tableware,Plates,Glass,Grey,,
Home accessories,Vases,Glass,Blue,,
Home accessories,Candle holders,Ceramic,Black,,
Furniture,Lounge chairs,Polyester,Nature,,
Kitchen,Serving,Horn,Nature,,
Tableware,Bowls,Stoneware,Blue,,
Home accessories,Baskets,Water Hyacinth,Nature,,
Home accessories,Flowerpots,Stoneware,Blue,,
Kitchen,Bowls,Stoneware,Purple,,
Home accessories,Jars,Metal,Blue,,
Kitchen,Jugs,Stoneware,Blue,,
Kitchen,Bowls,Glass,Grey,,
Kitchen,Cooking & Baking,Stoneware,Green,,
Home accessories,Bowls,Mango,Nature,,
Kitchen,Cooking & Baking,Cotton,Blue,,
Home accessories,Cushions,Cotton,Nature,,
Home accessories,Vases,Stoneware,Yellow,,
Furniture,Side tables,Mango,Nature,,
Furniture,Lounge chairs,Rubberwood,Nature,,
Home accessories,Vases,Stoneware,Green,,
Home accessories,Baskets,Water Hyacinth,Nature,,
Home accessories,Candle holders,Mango,Brown,,
Home accessories,Cushions,Cotton,Yellow,,
Home accessories,Decoration,Polyresin,Rose,,
Furniture,Lounge chairs,Polyester,Nature,,
Kitchen,Serving,Acacia,Nature,,
Tableware,Cups,Stoneware,Green,,
Home accessories,Vases,Stoneware,Blue,,
Kitchen,Jugs,Stoneware,Brown,,
Furniture,Dining chairs,Plywood,Brown,,
Tableware,Cups,Stoneware,Blue,,
Home accessories,Storage,Resin,Brown,,
Tableware,Cups,Stoneware,Blue,,
Furniture,Shelves,Reclaimed Wood,Brown,,
Home accessories,Flowerpots,Stoneware,Brown,,
Home accessories,Vases,Stoneware,Green,,
Home accessories,Vases,Stoneware,White,,
Home accessories,Rugs,Cotton,Red,,
Home accessories,Cushions,Cotton,Orange,,
Home accessories,Flowerpots,Stoneware,Brown,,
Home accessories,Candle holders,Polyresin,Gold,,
Tableware,Cups,Porcelain,Blue,,
Kitchen,Serving,Mango,Black,,
Home accessories,Cushions,Cotton,Brown,,
Tableware,Cups,Stoneware,Grey,,
Home accessories,Decoration,Reclaimed Wood,Brown,,
Lighting,Table lamps,Terracotta,Blue,,
Kitchen,Jugs,Recycled Glass,Clear,,
Furniture,Lounge chairs,Teak,Nature,,
Tableware,Glassware,Recycled Glass,Clear,,
Home accessories,Mirrors,Reclaimed Wood,Brown,,
Tableware,Plates,Stoneware,Blue,,
Home accessories,Wall decoration,Linen,Brown,,
Tableware,Bowls,Stoneware,Brown,,
Home accessories,Cushions,Cotton,Nature,,
Home accessories,Cushions,Cotton,Black,,
Home accessories,Candle holders,Polyresin,Brown,,
Furniture,Coat racks & Hooks,Metal,Black,,
Home accessories,Decoration,Terracotta,Brown,,
Kitchen,Serving,Marble,Rose,,
Tableware,Glassware,Recycled Glass,Clear,,
Furniture,Poufs,Cotton,Red,,
Kitchen,Cleaning,Cotton,Nature,,
Tableware,Cups,Stoneware,Nature,,
Home accessories,Wall decoration,MDF,Brown,,
Lighting,Table lamps,Rubberwood,Nature,,
Kitchen,Bowls,Stoneware,Green,,
Tableware,Bowls,Stoneware,Brown,,
Tableware,Bowls,Stoneware,Bronze,,
Tableware,Cups,Stoneware,Blue,,
Home accessories,Storage,Resin,Brown,,
Home accessories,Wall decoration,Seagrass,Nature,,
Kitchen,Cooking & Baking,Stoneware,Green,,
Home accessories,Flowerpots,Stoneware,Brown,,
Home accessories,Candle holders,Stoneware,Blue,,
Home accessories,Candle holders,Glass,Nature,,
Home accessories,Flowerpots,Stoneware,Green,,
Kitchen,Cutting boards,Mango,Nature,,
Furniture,Dining chairs,Rubberwood,Green,,
Home accessories,Rugs,Wool,Rose,,
Home accessories,Cushions,Cotton,Black,,
Home accessories,Vases,Glass,Gold,,
Home accessories,Rugs,Cotton,Brown,,
Home accessories,Candle holders,Glass,Gold,,
Furniture,Console tables,FSC 100%© Mango,Brown,,
Home accessories,Wall decoration,Firwood,Nature,,
Home accessories,Jars,Stoneware,Yellow,,
Home accessories,Candle holders,Recycled Glass,Brown,,
Home accessories,Cushions,Cotton,Blue,,
Kitchen,Trays,Stoneware,White,,
Tableware,Cups,Stoneware,Blue,,
Lighting,Table lamps,Mango,Nature,,
Home accessories,Baskets,Water Hyacinth,Nature,,
Home accessories,Wall decoration,Mango,White,,
Kitchen,Jars,Stoneware,Nature,,
Kitchen,Bowls,Stoneware,Nature,,
Tableware,Glassware,Glass,Grey,,
Tableware,Cups,Stoneware,Rose,,
Tableware,Bowls,Porcelain,Brown,,
Home accessories,Flowerpots,Stoneware,Grey,,
Home accessories,Trays,Reclaimed Wood,Nature,,
Tableware,Bowls,Stoneware,Brown,,
Tableware,Cups,Stoneware,Brown,,
Furniture,Dining tables,Mango,Brown,,
Furniture,Lounge chairs,Cotton,Blue,,
Tableware,Plates,Stoneware,Blue,,
Tableware,Cups,Stoneware,Grey,,
Home accessories,Baskets,Rattan,Nature,,
Kitchen,Cutting boards,Mango,Brown,,
Home accessories,Cushions,Cotton,Nature,,
Home accessories,Rugs,Jute,Nature,,
Home accessories,Vases,Glass,Brown,,
Home accessories,Cushions,Recycled Cotton,Brown,,
Tableware,Cups,Stoneware,Blue,,
Home accessories,Baskets,Palm Leaf,Nature,,
Tableware,Plates,Porcelain,Blue,,
Tableware,Glassware,Glass,Grey,,
Kitchen,Serving,Stoneware,Green,,
Kitchen,Jars,Stoneware,Nature,,
Home accessories,Throws,Recycled Cotton,Blue,,
Tableware,Bowls,Stoneware,Brown,,
Kitchen,Cutting boards,Mango,Nature,,
Home accessories,Vases,Glass,Orange,,
Kitchen,Serving,Stoneware,Nature,,
Home accessories,Candle holders,Metal,Gold,,
Home accessories,Flowerpots,Stoneware,Brown,,
Home accessories,Vases,Terracotta,Blue,,
Kitchen,Jars,Stoneware,Green,,
Tableware,Plates,Stoneware,Nature,,
Home accessories,Bowls,Stoneware,Brown,,
Tableware,Bowls,Stoneware,Blue,,
Tableware,Bowls,Porcelain,Blue,,
Home accessories,Vases,Glass,Grey,,
Home accessories,Candle holders,Glass,Nature,,
Home accessories,Vases,Ceramic,Blue,,
Tableware,Cups,Stoneware,Grey,,
Tableware,Bowls,Stoneware,Bronze,,
Home accessories,Candle holders,Terracotta,Brown,,
Kitchen,Serving,Stoneware,Green,,
Kitchen,Jugs,Stoneware,Yellow,,
Kitchen,Trays,Mango,Brown,,
Kitchen,Jars,Stoneware,Green,,
Furniture,Lounge chairs,Metal,White,,
Home accessories,Flowerpots,Stoneware,Brown,,
Furniture,Cupboards,Firwood,Black,,
Home accessories,Candle holders,Iron,Black,,
Lighting,Table lamps,Polyresin,Brass,,
Home accessories,Storage,Rattan,Nature,,
Home accessories,Flowerpots,Stoneware,Brown,,
Tableware,Cups,Stoneware,Red,,
Home accessories,Flowerpots,Terracotta,Blue,,
Home accessories,Cushions,Cotton,Brown,,
Tableware,Plates,Stoneware,Nature,,
Kitchen,Napkins,"FSC© Mix, Paper",Green,,
Home accessories,Candle holders,Marble,Black,,
Kitchen,Jugs,Recycled Glass,Clear,,
Home accessories,Decoration,Terracotta,Brown,,
Kitchen,Jugs,Stoneware,Brown,,
Tableware,Bowls,Glass,Green,,
Lighting,Table lamps,Polyresin,Gold,,
Home accessories,Vases,Glass,Blue,,
Furniture,Shelves,Mango,Nature,,
Furniture,Benches,Reclaimed Pine Wood,Nature,,
Kitchen,Jugs,Recycled Glass,Yellow,,
Furniture,Sofas,Polyester,Brown,,
Home accessories,Flowerpots,Terracotta,Black,,
Home accessories,Cushions,Cotton,Green,,
Home accessories,Flowerpots,Stoneware,Green,,
Kitchen,Jars,Stoneware,Blue,,
Home accessories,Rugs,Jute,Nature,,
Home accessories,Candle holders,Stoneware,Blue,,
Tableware,Plates,Porcelain,Blue,,
Kitchen,Serving,Mango,Nature,,
Tableware,Plates,Stoneware,Nature,,
Tableware,Cups,Stoneware,White,,
Home accessories,Rugs,Wool,Green,,
Lighting,Pendant lamps,Cane,White,,
Furniture,Shelves,Rattan,Nature,,
Home accessories,Wall decoration,Firwood,Nature,,
Tableware,Cups,Stoneware,Blue,,
Furniture,Side tables,Mango,Nature,,
Tableware,Bowls,Porcelain,Blue,,
Kitchen,Napkins,Cotton,Blue,,
Tableware,Cups,Stoneware,Grey,,
Tableware,Glassware,Glass,Green,,
Home accessories,Flowerpots,Stoneware,Grey,,
Kitchen,Cleaning,Cotton OEKO-TEX©,Blue,,
Home accessories,Vases,Glass,Brown,,
Kitchen,Cooking & Baking,Stoneware,Green,,
Kitchen,Cutting boards,Marble,Nature,,
Tableware,Plates,Porcelain,Blue,,
Tableware,Bowls,Stoneware,Brown,,
Home accessories,Candle holders,Terracotta,Brown,,
Kitchen,Bowls,Stoneware,Brown,,
Home accessories,Cushions,Cotton,Brown,,
Home accessories,Flowerpots,Metal,Grey,,
Kitchen,Serving,Acacia,Nature,,
Kitchen,Serving,Mango,Nature,,
Kitchen,Trays,Stoneware,Brown,,
Furniture,Bookcases,Mango,Black,,
Tableware,Glassware,Recycled Glass,Green,,
Home accessories,Mirrors,Iron,Black,,
Home accessories,Flowerpots,Stoneware,Blue,,
Home accessories,Vases,Stoneware,Nature,,
Home accessories,Cushions,Cotton,Blue,,
Home accessories,Wall decoration,Metal,White,,
Home accessories,Throws,Recycled Cotton,Green,,
Home accessories,Cushions,Cotton,Green,,
Home accessories,Flowerpots,Terracotta,Nature,,
Home accessories,Trays,Reclaimed Wood,Brown,,
Home accessories,Wall decoration,Firwood,Blue,,
Home accessories,Cushions,Recycled Cotton,Yellow,,
Home accessories,Throws,Recycled Cotton,Brown,,
Home accessories,Wall decoration,Firwood,Nature,,
Home accessories,Cushions,Cotton,Brown,,
Kitchen,Serving,Stoneware,Blue,,
Kitchen,Jugs,Stoneware,Green,,
Home accessories,Vases,Stoneware,Brown,,
Kitchen,Serving,Stoneware,Green,,
Home accessories,Bowls,Terracotta,Brown,,
Home accessories,Flowerpots,Stoneware,Grey,,
Home accessories,Cushions,Cotton,Purple,,
Home accessories,Decoration,Metal,Brass,,
Home accessories,Cushions,Recycled Cotton,Brown,,
Tableware,Cups,Stoneware,Nature,,
Lighting,Floor lamps,Rubberwood,Nature,,
Furniture,Cupboards,Firwood,Green,,
Lighting,Table lamps,Glass,Brown,,
Home accessories,Candle holders,Stoneware,Brown,,
Home accessories,Candle holders,Iron,White,,
Tableware,Bowls,Stoneware,Blue,,
Home accessories,Wall decoration,Pine,Nature,,
Home accessories,Flowerpots,Ceramic,Grey,,
Home accessories,Candle holders,Polyresin,Brown,,
Tableware,Bowls,Stoneware,Brown,,
Home accessories,Trays,Stoneware,Blue,,
Tableware,Bowls,Stoneware,Green,,
Furniture,Coffee tables,Mango,Black,,
Home accessories,Flowerpots,Stoneware,Blue,,
Tableware,Plates,Stoneware,Nature,,
Kitchen,Serving,Stoneware,White,,
Furniture,Shelves,Mango,Nature,,
Kitchen,Serving,Acacia,Nature,,
Home accessories,Decoration,Stoneware,Purple,,
Kitchen,Bar accessories,Recycled Glass,Silver,,
Home accessories,Vases,Stoneware,Brown,,
Tableware,Bowls,Stoneware,Green,,
Home accessories,Flowerpots,Stoneware,Brown,,
Home accessories,Baskets,Seagrass,Brown,,
Tableware,Cups,Stoneware,White,,
Tableware,Bowls,Porcelain,Blue,,
Tableware,Bowls,Stoneware,Nature,,
Kitchen,Cutting boards,Marble,White,,
Tableware,Glassware,Glass,Grey,,
Home accessories,Flowerpots,Paulownia,Nature,,
Home accessories,Candle holders,Mango,Brown,,
Home accessories,Vases,Glass,Purple,,
Tableware,Plates,Porcelain,Blue,,
Kitchen,Bowls,Stoneware,White,,
Home accessories,Wall decoration,Metal,Brown,,
Home accessories,Flowerpots,Iron,Brass,,
Home accessories,Vases,Ceramic,Grey,,
Home accessories,Vases,Stoneware,Green,,
Tableware,Cups,Stoneware,Blue,,
Home accessories,Candle holders,Aluminum,Brass,,
Kitchen,Cutting boards,Stoneware,Blue,,
Home accessories,Baskets,Water Hyacinth,Nature,,
Home accessories,Trays,Stoneware,Blue,,
Tableware,Glassware,Glass,Grey,,
Home accessories,Vases,Glass,Green,,
Tableware,Cups,Stoneware,Brown,,
Home accessories,Flowerpots,Stoneware,Brown,,
Home accessories,Candle holders,Marble,Brown,,
Home accessories,Clothing,Upcycled,Brown,,
Tableware,Bowls,Stoneware,Brown,,
Tableware,Plates,Stoneware,Orange,,
Home accessories,Decoration,Polyresin,White,,
Home accessories,Baskets,Palm Leaf,Nature,,
Home accessories,Vases,Glass,Brown,,
Tableware,Cups,Stoneware,Blue,,
Kitchen,Serving,Recycled Glass,Clear,,
Tableware,Bowls,Recycled Glass,Clear,,
Home accessories,Rugs,Cotton,Nature,,
Home accessories,Clocks,Reclaimed Wood,Brown,,
Home accessories,Cushions,Recycled Cotton,Nature,,
Tableware,Cups,Stoneware,White,,
Tableware,Cups,Stoneware,Green,,
Outdoor,Doormats,Coir,Green,,
Home accessories,Bowls,Stoneware,Brown,,
Tableware,Glassware,Glass,Yellow,,
Tableware,Plates,Stoneware,White,,
Home accessories,Candle holders,Polyresin,White,,
Kitchen,Cooking & Baking,Marble,White,,
Home accessories,Throws,Recycled Cotton,Yellow,,
Home accessories,Vases,Stoneware,Yellow,,
Furniture,Lounge chairs,Polyester,Brown,,
Home accessories,Decoration,Terracotta,Brown,,
Kitchen,Jars,Stainless Steel,Copper,,
Tableware,Plates,Stoneware,Yellow,,
Tableware,Plates,Stoneware,Blue,,
Home accessories,Cushions,Cotton,Brown,,
Furniture,Shelves,Reclaimed Wood,Nature,,
Kitchen,Serving,Stoneware,Yellow,,
Home accessories,Baskets,Bankuan Grass,Nature,,
Kitchen,Cooking & Baking,Stoneware,Brown,,
Tableware,Cups,Stoneware,Blue,,
Kitchen,Bowls,Stoneware,Yellow,,
Home accessories,Bowls,Aluminum,Brass,,
Home accessories,Throws,Recycled Cotton,Blue,,
Tableware,Plates,Stoneware,Blue,,
Home accessories,Cushions,Linen,Green,,
Tableware,Plates,Stoneware,Blue,,
Tableware,Cups,Stoneware,Blue,,
Tableware,Cups,Stoneware,Blue,,
Furniture,Cupboards,Mango,Nature,,
Home accessories,Flowerpots,Stoneware,Blue,,
Home accessories,Cushions,Cotton,Blue,,
Tableware,Bowls,Stoneware,Blue,,
Home accessories,Cushions,Recycled Cotton,Purple,,
Home accessories,Vases,Glass,Blue,,
Home accessories,Cushions,Cotton,Green,,
Kitchen,Jars,Stoneware,White,,
Tableware,Cups,Stoneware,Brown,,
Kitchen,Jugs,Stoneware,Black,,
Kitchen,Serving,Stoneware,Blue,,
Home accessories,Vases,Stoneware,Blue,,
Home accessories,Throws,Cotton,Blue,,
Kitchen,Serving,Marble,White,,
Furniture,Lounge chairs,Teak,Black,,
Home accessories,Baskets,Seagrass,Black,,
Home accessories,Wall decoration,Seagrass,Nature,,
Furniture,Daybeds,Mango,Brown,,
Furniture,Stools,Mango,Brown,,
Home accessories,Wall decoration,Firwood,Black,,
Home accessories,Vases,Stoneware,Green,,
Home accessories,Candle holders,Metal,Black,,
Kitchen,Cooking & Baking,Stoneware,Yellow,,
Kitchen,Bowls,Stoneware,Yellow,,
Furniture,Shelves,Reclaimed Wood,Brown,,
Furniture,Dining tables,Acacia,Black,,
Tableware,Bowls,Stoneware,Green,,
Home accessories,Candle holders,Stoneware,Blue,,
Home accessories,Vases,Stoneware,Brown,,
Tableware,Bowls,Stoneware,Rose,,
Kitchen,Jugs,Stoneware,Brown,,
Furniture,Bookcases,Reclaimed Wood,Brown,,
Home accessories,Cushions,Cotton,Nature,,
Home accessories,Home office,Paper,Yellow,,
Furniture,Dining tables,Reclaimed Wood,Brown,,
Tableware,Cups,Stoneware,Orange,,
Kitchen,Jugs,Stoneware,Brown,,
Home accessories,Throws,Recycled Cotton,Grey,,
Home accessories,Flowerpots,Stoneware,Yellow,,
Home accessories,Vases,Stoneware,Brown,,
Tableware,Cups,Stoneware,White,,
Home accessories,Cushions,Cotton,Brown,,
Home accessories,Flowerpots,Terracotta,Green,,
Home accessories,Flowerpots,Stoneware,Blue,,
Home accessories,Candle holders,Stoneware,Grey,,
Tableware,Bowls,Stoneware,Purple,,
Home accessories,Wall decoration,Reclaimed Wood,Green,,
Tableware,Bowls,Stoneware,Brown,,
Kitchen,Serving,Stoneware,Blue,,
Furniture,Console tables,Reclaimed Pine Wood,Nature,,
Home accessories,Flowerpots,Stoneware,Brown,,
Kitchen,Jars,Stoneware,Nature,,
Tableware,Bowls,Stoneware,Orange,,
Home accessories,Trays,Stoneware,Green,,
Kitchen,Cooking & Baking,Stoneware,Brown,,
Lighting,Table lamps,Stoneware,Nature,,
Furniture,Poufs,Wool,Blue,,
Furniture,Cupboards,Firwood,Brown,,
Kitchen,Bowls,Stoneware,Yellow,,
Tableware,Bowls,Porcelain,Blue,,
Tableware,Cups,Stoneware,Bronze,,
Home accessories,Cushions,Cotton,Grey,,
Furniture,Stools,Abaca,Brown,,
Kitchen,Bowls,Mango,Nature,,
Home accessories,Decoration,Reclaimed Wood,Brown,,
Furniture,Shelves,Reclaimed Wood,Yellow,,
Home accessories,Bowls,Stoneware,Brown,,
Home accessories,Flowerpots,Stoneware,Blue,,
Tableware,Cups,Stoneware,Blue,,
Furniture,Cupboards,Firwood,Blue,,
Kitchen,Bowls,Stoneware,Brown,,
Home accessories,Mirrors,Metal,Brass,,
Furniture,Bookcases,Reclaimed Wood,Brown,,
Kitchen,Cooking & Baking,Stoneware,Orange,,
Home accessories,Decoration,Terracotta,Brown,,
Home accessories,Flowerpots,Stoneware,Green,,
Home accessories,Flowerpots,Aluminum,Brass,,
Home accessories,Cushions,Cotton,Nature,,
Tableware,Cups,Stoneware,Brown,,
Tableware,Cups,Stoneware,White,,
Home accessories,Cushions,Cotton,Nature,,
Kitchen,Bowls,Stoneware,Grey,,
Tableware,Bowls,Recycled Glass,Clear,,
Lighting,Pendant lamps,Paper,Green,,
Home accessories,Vases,Stoneware,Green,,
Kitchen,Serving,Stoneware,Brown,,
Home accessories,Wall decoration,Cotton,Red,,
Home accessories,Vases,Ceramic,Grey,,
Kitchen,Serving,Stoneware,White,,
Kitchen,Jugs,Stoneware,Blue,,
Home accessories,Decoration,Stoneware,Blue,,
Home accessories,Jars,Marble,White,,
Furniture,Shelves,MDF,Nature,,
Home accessories,Rugs,Cotton,Red,,
Kitchen,Napkins,"FSC© Mix, Paper",Blue,,
Home accessories,Flowerpots,Stoneware,Nature,,
Home accessories,Decoration,Stoneware,Brown,,
Tableware,Cups,Stoneware,Bronze,,
Home accessories,Wall decoration,Linen,Brown,,
Home accessories,Throws,Cotton,Brown,,
Home accessories,Flowerpots,Stoneware,Brown,,
Home accessories,Decoration,Metal,Brass,,
Home accessories,Decoration,Stoneware,Brown,,
Kitchen,Bowls,Stoneware,Brown,,
Furniture,Cupboards,Firwood,Brown,,
Home accessories,Flowerpots,Stoneware,Brown,,
Tableware,Bowls,Stoneware,Green,,
Kitchen,Jugs,Stoneware,Yellow,,
Home accessories,Storage,Stoneware,Grey,,
Home accessories,Candle holders,Stoneware,Brown,,
Home accessories,Trays,Marble,Nature,,
Tableware,Plates,Stoneware,Blue,,
Home accessories,Rugs,Cotton,Nature,,
Home accessories,Candle holders,Glass,Nature,,
Home accessories,Throws,Recycled Cotton,Yellow,,
Home accessories,Cushions,Cotton,Green,,
Kitchen,Jars,Stoneware,Green,,
Home accessories,Vases,Stoneware,Green,,
Home accessories,Candle holders,Stoneware,Brown,,
Home accessories,Vases,Stoneware,Green,,
Furniture,Console tables,Marble,Brown,,
Tableware,Plates,Stoneware,Blue,,
Furniture,Lounge chairs,Rattan,Brown,,
Tableware,Plates,Stoneware,Green,,
Tableware,Plates,Stoneware,Green,,
Kitchen,Jugs,Stoneware,Brown,,
Home accessories,Candle holders,Stoneware,Brown,,
Kitchen,Cleaning,Cotton,Brown,,
Tableware,Plates,Stoneware,White,,
Tableware,Glassware,Glass,Grey,,
Home accessories,Vases,Stoneware,White,,
Kitchen,Serving,Horn,Nature,,
Home accessories,Trays,Metal,Brass,,
Tableware,Plates,Stoneware,White,,
Home accessories,Vases,Ceramic,Nature,,
Furniture,Shelves,Firwood,Green,,
Furniture,Poufs,Wool,Nature,,
Home accessories,Vases,Stoneware,Nature,,
Furniture,Shelves,Firwood,Brown,,
Home accessories,Flowerpots,Stoneware,Brown,,
Home accessories,Jars,Stoneware,Yellow,,
Home accessories,Cushions,Cotton,Brown,,
Home accessories,Throws,Cotton,Red,,
Furniture,Stools,Mango,Black,,
Home accessories,Candle holders,Stoneware,Blue,,
Tableware,Plates,Stoneware,Nature,,
Tableware,Plates,Stoneware,Green,,
Home accessories,Cushions,Cotton,Nature,,
Home accessories,Candle holders,Stoneware,Blue,,
Home accessories,Vases,Stoneware,Blue,,
Kitchen,Bowls,Stoneware,Orange,,
Tableware,Cups,Stoneware,Green,,
Tableware,Bowls,Stoneware,Blue,,
Lighting,Floor lamps,Metal,Black,,
Furniture,Console tables,Mango,Nature,,
Home accessories,Bowls,Stoneware,Green,,
Furniture,Console tables,Rattan,Nature,,
Home accessories,Bowls,Polyresin,Green,,
Kitchen,Jugs,Stoneware,Brown,,
Home accessories,Candle holders,Mango,Brown,,
Kitchen,Jugs,Stoneware,Black,,
Home accessories,Trays,Aluminum,Brass,,
Home accessories,Cushions,Cotton,Nature,,
Home accessories,Candle holders,Stoneware,Blue,,
Kitchen,Serving,Stoneware,Green,,
Tableware,Plates,Stoneware,Green,,
Tableware,Plates,Stoneware,Green,,
Home accessories,Flowerpots,Stoneware,Yellow,,
Home accessories,Candle holders,Polyresin,Gold,,
Home accessories,Flowerpots,Seagrass,Nature,,
Home accessories,Flowerpots,Stoneware,Yellow,,
Kitchen,Bowls,Stoneware,Brown,,
Home accessories,Trays,Mango,Nature,,
Tableware,Cups,Stoneware,Green,,
Home accessories,Rugs,Polyester,Grey,,
Tableware,Plates,Stoneware,Bronze,,
Furniture,Console tables,Mango,Nature,,
Lighting,Table lamps,Polyresin,Gold,,
Lighting,Pendant lamps,Glass,Brown,,
Furniture,Cupboards,Mango,Nature,,
Home accessories,Flowerpots,Stoneware,Brown,,
Home accessories,Candle holders,Mango,Nature,,
Kitchen,Storage,Mahogany,Nature,,
Kitchen,Trays,Acacia,Nature,,
Home accessories,Vases,Stoneware,Rose,,